sample,D_angle,D_position,bottom_internal_pull_strength,bottom_morse_cutoff,bottom_morse_u0,bottom_morse_v0,bottom_morse_xi1,bottom_morse_xi2,cil_intensity,cil_wall_intensity,run_speed_min,run_to_tumble_rate_max,run_to_tumble_rate_min,theta_alignment,top_internal_pull_strength,top_morse_cutoff,top_morse_u0,top_morse_v0,top_morse_xi1,top_morse_xi2,tumble_to_run_rate_max,tumble_to_run_rate_min,cohesion_rg,penetration,front_x,pareto
1,0.08149418221589871,0.06588613635786802,0.8743466192753226,101.53963425607907,12.534014398778725,9.096596613485314,23.96874180026653,83.64375580277755,0.03953998935123365,0.05987320175099793,46.80275706087687,0.914331751287936,0.006452361195908676,1.3956362986940887,1.7569725018130735,77.77728635836691,115.24150494053984,40.63204236745207,14.956648788689892,71.1895544968076,0.9742864879138549,0.9607822730651259,NaN,NaN,NaN,false
2,0.17273627866789912,0.03435481681338224,2.220528908665458,63.32020307498803,10.221771380329631,19.085620237106614,6.359715396511873,21.775544060445064,0.055864645206315997,0.008555065336402521,68.81112821716926,0.7258333984430249,0.1251330393382192,3.3136796100131023,0.3141214377725121,90.94081588936405,73.9983911742163,58.35249748930109,14.427203921358927,42.64871960749143,1.6308406253726677,0.9110517404758129,14.344501489524767,4.822986087142127,118.4354668912002,false
3,0.1635666725760145,0.06579148993816286,3.9612807268444787,107.31350833147252,11.227598918645723,3.7353549741790304,10.834259811551561,30.55487630159785,0.01304389098353739,0.02130491885954492,35.879414527411555,0.9084017610952408,0.005548848316775734,5.4280137160555295,3.1869420513309437,72.6269141758723,102.53048299279897,54.3773680426384,4.203022588670619,47.89497758681847,1.5529442186021498,0.6385651983232642,NaN,NaN,NaN,false
4,0.21479041395030515,0.005155826386406743,3.737645062421297,64.66261337487333,12.87442673014848,9.828890550447625,4.209848218072221,54.917546813310885,0.0703661923921808,0.01531937880819525,19.119442063523877,0.5251831629329146,0.03156267539575131,0.051844447233048374,1.3974063871496258,99.96030809676543,22.948048795077852,49.53113865993145,5.4592512424362365,60.80683227320913,1.511488371200576,0.7517708542064576,NaN,NaN,NaN,false
5,0.1291420407188888,0.08201557109543947,2.1802621058670257,95.70235630841529,19.253741655435626,11.952866214556071,3.193030033336433,94.15291830402278,0.00889494111506134,0.06516724926587139,27.8378856613784,0.791874134126244,0.1775270872605256,2.4687759534053804,0.32952418371802183,99.85328121013198,31.649411514938134,54.45854761000484,14.262766216439093,61.35373869930295,2.4525505209919576,0.17770623923730308,NaN,NaN,NaN,false
6,0.15212749129076034,0.0047513055213359665,3.1254284101209633,50.04731830274395,4.207527261589833,14.992360390170722,15.851537221046499,84.862086576338,0.07502364324243269,0.015661408910654203,61.911128089480826,0.9149196984338618,0.011271088112824748,2.246010383983619,1.489798227142893,53.56306138600505,27.7030863310361,9.349554742055876,3.4046357485507306,62.8049923085222,1.7372151393026933,0.3886118112686906,65.8935426556634,6.34597481771096,175.43207026907402,false
7,0.13921848417239832,0.09581341187406507,0.2012656941948583,75.10586793201554,4.031602363258075,2.7761300754095912,20.655394941270117,83.96326559631339,0.06882906759102117,0.07946962513466424,17.76837802422086,0.962003805855962,0.032681548611206486,6.976908546342299,2.8450462273658133,49.33926266320552,102.48329331746307,40.15147103244869,11.341923494271686,30.11014875947414,2.0534599444771273,0.7871933458593614,86.19130840695861,14.08350045655687,231.20887082783238,false
8,0.06670872092846189,0.013315008014934428,3.6746893333941673,64.49935356526493,7.58831829573139,7.657069305696332,7.335546239269949,38.355720953026776,0.0463101826343675,0.03922558785830267,37.43792943396106,0.9857483964595495,0.15522450167310586,6.147650010648,0.5346453332726648,41.722542298474195,16.7780161821889,8.487479061429209,14.135477513917175,81.36760381089535,1.4187204003871967,0.34327462760022875,19.417180158083713,0.8233616477542967,122.56700689521236,false
9,0.23455736887515502,0.10755438503044436,1.8022950330546395,32.20586562940387,9.364077058041648,5.555776776757814,23.849527511962254,24.573119439930238,0.027608764581651436,0.021238084008601863,52.82781642306266,0.45301823326854174,0.16660515833285588,1.9496899790564446,0.6472208119727005,31.438501487250473,30.210503153976845,51.41200777244736,12.382732738050846,33.101592047243166,1.2425299052117118,0.8729024085292982,38.28780420746572,-11.631494430476096,136.71002704826776,false
10,0.20878063880553283,0.038414955942745126,3.458209999515293,54.244009747181956,3.4082946158621934,18.409107858691566,18.210065941642938,87.80257930140228,0.05578655491435396,0.0030230907263462292,51.853488227882366,0.41234139909256107,0.15493675308179788,0.9819757513113674,1.4233234427816632,57.88641379596648,36.80795218507237,32.82972317919594,11.908894944494605,53.208468331270566,0.7711690791435349,0.563443923075948,26.345811963974057,-6.327363860058902,126.57123695302951,false
11,0.23479166330792445,0.017632178311081968,3.578818977373057,56.276519078872305,14.630863310359066,8.791766180661428,24.525899773463312,54.800285080869344,0.036136952023592385,0.025316360620080837,64.51668806479981,0.6611360058245103,0.15583820021502834,0.6779083938811103,1.2435719205612519,67.60506406396243,103.30619390608375,53.40213094539142,3.9668493596229717,73.52727175583861,2.42703070198455,0.5837650711559985,NaN,NaN,NaN,false
12,0.03675626034495311,0.02934266595569602,3.7517485154938153,106.1078725270063,10.077740749543242,7.089170267299977,12.319157846201378,29.238154717101672,0.0730610504707136,0.07853096448952755,30.688868474753626,0.49740674372389704,0.13126502579151045,6.085345360475758,3.1517487519099805,35.26376349740823,34.50669195611941,20.73193777921211,9.395527764912412,51.52336324525321,1.6975002834859287,1.252656995742518,16.108258407935605,4.785147700573482,123.86939989396464,false
13,0.17457975366145348,0.06301825814957096,3.724437758869667,63.69446490462781,21.999156711475365,13.488996729789978,3.827580952123301,69.05410294032615,0.0632151380136507,0.06477486519863986,29.473976427509207,0.8799752893208721,0.1960848389051314,4.031354425983642,1.216582484312195,57.287634232349475,89.37759105800997,57.06643958434667,11.39845013112713,26.52605942400468,2.7885796604033977,1.2336796888400656,17.453399568381457,-1.8477927262245117,125.50842660477652,false
14,0.0558944997236121,0.0639010086574225,1.988541533147274,67.17258390309826,17.361905683726825,9.277801978537498,19.809296276307194,48.25577193801318,0.03887791692671839,0.024617286261641284,54.3663066075487,0.9014494968737518,0.13853431336451755,1.582787271601621,3.966436730768658,35.481474094692054,117.95999007180481,5.45364483947385,13.285466400120788,29.037374993787694,1.6802232943565736,0.9485792925841037,NaN,NaN,NaN,false
15,0.2235239136031765,0.10805463203962636,1.2333739148904983,90.92398767323027,15.078789650535175,14.395811314360374,3.8780949999270997,76.42993539863018,0.07523360764136561,0.044651777553913335,37.71420658501566,0.7995715304974778,0.030801923516411017,0.7147632496821908,0.2078493056231352,96.89688979121098,82.62837560739997,36.83376792096928,6.851171241725765,87.95311606236953,2.882694717410794,1.7079169194703985,11.318013635559605,2.058157952050408,119.88692451472687,false
16,0.18057275878753057,0.05140163557515186,3.2961179751872534,93.89344257437017,23.347609529913168,7.574922924290202,7.074381520202476,43.491083597925666,0.014613591737923067,0.06891586564678347,17.241705987234127,1.1465103840825752,0.023763993218645453,6.744771914935801,3.7604688839840734,77.21400921959743,61.28875520018654,15.633980944723303,8.010343023635054,40.36949986532824,1.5766411665478928,1.0694824463721027,23.648388535863276,-0.9360520435184867,123.86191242443999,false
17,0.1802631107727188,0.03376882142105717,0.24253865469364877,95.79981880825729,20.250341183751008,8.032039772076251,18.00472169501721,72.32415534040436,0.0729749082189232,0.042865666477995924,47.237861674661396,0.7491263568813199,0.05928359349819268,0.6553378659155031,0.04771169156459054,33.430571786665,82.60428658943114,40.04317898354218,8.330910643902296,71.89235403503227,3.894370492178382,0.39121348977432646,37.44317244503615,16.242201029822198,161.3355920006723,false
18,0.026051772280421326,0.0615254348331411,0.06703330359026571,37.94497030532058,8.733115185449048,2.9161517786994064,15.24947211188661,93.71699498355093,0.047843752951406984,0.012927241142952984,51.258499896218076,0.6327812390140638,0.08364652070899428,6.311598507586627,2.419271833264668,48.62499459350018,53.12580003746271,36.56940817966496,13.77331400016802,83.38968361755207,2.0202907090487074,0.32848882560855175,340.47430807935575,483.56088367979874,994.4951875234873,false
19,0.248735618400602,0.08037716714526076,1.9896957168898015,70.84331231885025,4.893052097060156,8.311543753217014,18.281138906033885,73.23497040043249,0.024836664298143525,0.05649143485963186,32.52248124587799,0.32341786004953654,0.04237919322074207,5.932378387532539,3.439066857483222,67.57792161489823,96.35108846432651,14.625643985409333,3.592036292780276,67.77623202754212,3.458832252905307,1.3109602202893573,43.38439733004032,1.5124910393698272,143.09940404139152,false
20,0.022712779634403657,0.04041410933642759,3.42818908526804,33.122445601098676,12.989900342443427,8.029909069233694,24.301547955490417,56.581106479238514,0.029921648397168443,0.062314203024107506,51.696157055664685,0.927037061106439,0.1664498877131531,1.963873450270826,0.8024775785926486,44.733308271563494,37.150007743932164,18.07324721740264,8.022683429892417,73.35401301832346,2.404271105018073,1.551684859980327,25.043208664254763,12.22413771126623,145.35845317799428,false
21,0.1987100023582651,0.0875784059542974,0.793013111653297,71.51923203589996,15.089463909293684,17.56389558457161,17.73145973997458,36.51612126557825,0.061515291375592744,0.07569712259286358,33.151112798620595,1.0796086968175815,0.010090443293975092,0.4286688266773302,2.7910155410096316,99.35194966459326,55.229115748024576,9.36653564261541,13.16331802903883,40.01173397048577,1.1235196857475795,0.8773507346814318,42.217583145537034,-2.5430378838671643,135.06202255177476,false
22,0.2191098335621404,0.05728091815227539,0.04922811528963056,31.58622206606222,10.68314717586401,4.197717303838242,10.697625912448082,36.16030302258653,0.023599381029137688,0.023835238044263747,62.992637840211216,0.7386165485615377,0.12243109757249053,4.552800157864294,2.45509307470073,49.497352955789836,119.43237498211649,23.451326491296168,11.780178006546599,59.98524576089367,2.6435973849949317,1.5309784030686384,337.8464914433318,521.6542002254748,994.1615868601973,false
23,0.09988980356165136,0.07514736090124195,3.94847994216367,90.85856067608977,25.83574447402702,5.406288842740501,21.61753655007808,64.2891944619336,0.0765116483908063,0.008640613434637921,28.49425986404467,0.8898627449256922,0.1635618921678064,0.07004129747880927,0.3155064466186044,39.09523588603557,52.916699263168546,24.637169610794047,14.558101497339816,48.37905553641786,3.02404328785038,1.312917067827978,55.65265363867878,5.659638027458271,189.56262038890588,false
24,0.04982058704560122,0.014296035712173975,2.72530887458859,44.44192509545972,23.013566242681186,9.571068465518245,22.939739483324647,68.79929674327136,0.05834001479209008,0.05326247311374777,68.78071640097062,0.8636261519626939,0.03278430166069985,3.8991742019842954,0.49845878790409426,70.84114863130368,88.85019033480712,35.55778655612145,7.23709449081619,40.331113772476954,1.7782869519719826,0.9443403420382266,40.00031834686736,6.909040410044554,149.0085756575108,false
25,0.09567686538451975,0.11910981140261905,1.699062981112304,94.58016235699084,29.131070355043427,8.403355529368675,12.784732511231477,71.29138682726175,0.06829132848224342,0.07598564172808875,68.77005827851127,0.9598580071683632,0.13659646462807126,0.8921021428096144,1.8017987617116291,30.796116856351652,92.46583307668924,33.90499876853932,9.280214175542309,70.48821786300587,2.906113333101892,0.4392220261407853,34.1196063242985,11.142718092344417,150.49730393256607,false
26,0.0017088121672151069,0.013642954718094664,2.6633731814767425,95.06771706830169,10.884787418781563,13.904918927194947,23.33499358198312,58.78015268534358,0.07656296429045789,0.010338152033957541,63.82246245280398,0.7194046055915266,0.1681223434828831,5.42666748967535,3.5812399081643216,82.50169932273641,58.14816009289042,42.666602386000164,5.13729031653477,65.01972685302368,2.261902826698359,1.4777878771289914,NaN,NaN,NaN,false
27,0.051570401365351515,0.05818807114825349,0.7808254941592421,74.6236373405958,4.258039652271121,12.968461835083625,3.1158546062755383,41.25979634748453,0.016924989749140584,0.04633834312542007,26.185595457706803,1.1341039177526886,0.14043280290915747,2.276377105882796,0.8899067864342287,64.47701763043364,119.05320876710012,25.56146322575601,12.516244319919878,29.30091329855071,2.264114737915356,1.5326624989795403,10.327398120987489,1.0240708551811153,112.59035209935557,false
28,0.060064762654632425,0.11901654913201196,3.7072691154624215,63.4927245557128,19.26595799116542,13.592898489517195,24.5397166490429,32.46624818891816,0.050253289580262636,0.06422163360035475,69.77004458089255,0.3781795952886571,0.13837676299163307,6.600571988973451,1.5231839203804425,55.308042483059666,63.43374207971311,46.76018050942341,10.175778709388407,68.11544925053204,2.37222673497696,1.759338338299871,35.64441732927159,21.96507483327771,163.75384388130112,false
29,0.15520072736502566,0.0937084695367525,0.5213301108972086,49.79775023032617,15.3241019327425,12.036898670101689,16.612773278687595,56.22399171544274,0.04423687152243073,0.006145062719531432,23.118508099225107,0.9166981460668897,0.14442772907424256,6.725853220659028,2.290002372059015,33.89838945954432,39.577773943346884,23.579041652020532,5.771845999762213,70.05660368262961,3.3948363290525987,0.9451639223647355,82.62621278787105,5.941561976303049,205.2597532205848,false
30,0.049837462555116785,0.018207947052574613,3.5957343369721264,37.87117931948994,15.178284186817683,15.782145354543932,20.54521170546139,29.514373272059757,0.009670012597828315,0.009413011089641472,59.495612360771915,1.0226182459983235,0.059229417117297324,6.519145794517574,1.8269371128646736,49.33963625212067,61.22664660826564,18.51159682403425,9.80451708867096,32.379712360592926,2.7415554257750316,1.7020660103682925,310.2952494089253,392.50968631599693,983.863392643578,false
31,0.22693926186673463,0.11457196999346407,2.600103192257876,87.38496103029618,17.544030956439435,16.98964102827284,18.32792716765479,56.83108339577336,0.07744855140721522,0.05366646937893683,60.238695691922686,0.23758020839559263,0.16884277017285126,0.9996731406604675,2.066653915456193,64.54127442857882,91.76723142254858,7.206274678289945,7.214900262362734,63.23642800955033,2.4315412768011146,1.7828520390110438,15.767447614569118,12.445624747286033,128.50817400452823,false
32,0.09081678191283679,0.08241289011855829,3.06042800170088,30.16354147158797,13.85262695451092,7.28155322869237,15.04623021734136,66.95420903588216,0.0033838490139383205,0.032703272788392614,48.812268169234684,0.19385920167151868,0.1311480679978938,0.9767360947823298,0.9920368529686932,62.116913559257455,63.877908865832076,34.26890617391435,12.777249320274612,57.432180932118456,3.0829010487256214,0.755946973738547,27.006854526783094,13.054220830296025,145.84993673525906,false
33,0.07443947845812746,0.07693396804010427,1.4055908614054653,38.501674438572735,16.93448872696558,5.2420053145104735,10.754742087940013,54.01457041192627,0.041791682745341834,0.022356354081298102,43.281253781576495,0.9452309190882905,0.08700839621618225,4.374077367453333,1.2464586196831915,85.12689650953502,112.84639412176114,29.17799084426002,12.032162465352815,59.82765470419125,1.8167720149593523,1.1138290252897927,55.2163910562048,24.713170950550058,189.1634403813226,false
34,0.019139580050775346,0.1102928642320401,2.94940317062015,43.36580260737651,22.501160651234656,8.523682803983306,9.302855901216557,31.20336777133894,0.010829946148652745,0.009469006472389428,46.59043071322649,0.6306068102174105,0.021269279787998606,4.0457467269942375,2.435267144690038,94.62228936381739,78.99367493480133,53.047645457533385,2.9922613616124156,38.93448849215757,3.2352192995067055,1.306087975312737,NaN,NaN,NaN,false
35,0.06948437792316145,0.05949609152087766,0.6024498982033122,99.3704748997142,6.961306290588162,9.17482199030795,5.635864876662287,46.86451257988121,0.07464603782342567,0.011411946452242949,55.493218223707764,0.3645008704008312,0.14975462990529484,5.4524134800658794,0.594123997612837,38.91472830416408,13.968882058984633,43.59667665074645,10.03100832924772,21.363310791059043,1.3683468742369649,1.3083271301885369,10.75131491744596,-1.4338477934335359,110.8788674362751,false
36,0.121543368557991,0.06968156769475992,0.2812065671115138,31.097274839307136,18.774815637055198,18.759611054926015,14.714383145639024,75.4041293912904,0.06372175409304445,0.030076351008343914,49.11694003252621,0.3935947525810367,0.04574448534247,1.5716780801477541,2.743083946206165,73.15818730142024,116.54507384018851,51.012771501063014,4.329513115314938,19.18614025745905,2.9252623817105325,1.1291900092717984,373.4250980445189,421.61867655520746,994.540690241769,false
37,0.176413613027765,0.07526391870634383,3.6553042933703495,91.36278295561684,14.567748998749204,17.765205443843094,17.948824940617172,70.53168834997942,0.03576480978888269,0.0418770505565012,32.65049355178928,0.8077496346671686,0.008287836277226587,2.8944301992818238,2.137705304554678,66.58024697583227,97.28289229721214,33.88886242268657,7.325455066089359,56.292554643298345,3.191642415206087,0.2583987897366564,16.224880833210033,16.107961277418845,143.77466939984706,false
38,0.015634890677859364,0.09549108039592552,3.710661726833452,92.58025968828575,21.438287422618828,11.351163748201198,3.1828859788439354,44.5910338448234,0.011527957273424266,0.05502346803765064,39.69527037508814,0.4093651561026759,0.041600740384164656,2.7637561296468913,2.270360445469583,89.17302440204023,76.65374677350512,16.13494090553202,4.543112961484729,16.385949243339372,2.0720059673869438,0.8162309754272125,12.567070005319936,-9.010850329284608,110.90198414625483,false
39,0.07051139139178017,0.07695324329448781,3.860945849296008,61.569615966957585,15.947468213993538,19.038502896824863,12.522296530377295,93.7479968765375,0.05149129725696857,0.049485049928860346,54.15599986508012,0.32627839072874976,0.05450061677333951,3.2733717364925115,1.4367745570124177,79.92765305973899,61.709835714439194,46.15814255249256,13.556767626903595,40.44875764279874,1.6007676444582497,1.3576508165105952,25.01088052984959,12.467034905142071,142.50259975209647,false
40,0.1775046809686113,0.005368375294762688,0.7520191122987914,55.746990674693265,17.559570657766553,16.69649339126449,13.246266594124833,70.89072067650307,0.02442602838399954,0.05955276193518635,61.90150726072568,0.1971185316930774,0.18407599207959133,6.778935430343191,0.9158320727320954,51.577191486176176,110.92824531224446,31.599788090842075,11.444631454651951,30.185763011818885,1.7769518686726484,0.3864740099402076,59.09494769582639,11.404753616053902,193.37783717827446,false
41,0.12180718009550126,0.09114960041916163,1.7808542657011417,96.76370232863599,5.865406337928586,10.109777122761074,6.375549115256028,34.24744331319806,0.07924536745615884,0.03978146619711196,19.089429875268713,0.8945039728312726,0.16836227047784635,1.110680015998589,1.9621446755945846,97.3236970964855,78.4526522012162,22.50846638184875,8.68077903441548,55.13595518387538,1.9181774024507088,0.7740049319925486,NaN,NaN,NaN,false
42,0.059300289982152116,0.04207827345591518,0.8428456639372306,109.17168723815797,16.498739386272124,8.491455227759332,22.527762365905588,95.95056437810142,0.028115727453622386,0.002814808750759115,68.22571735777882,0.6361092030112738,0.05167258550850012,1.0144426123704335,3.3356031584446266,99.8253933906082,64.54711180422449,10.392717116649278,5.771971437973422,52.7807284632364,3.6752250504381796,0.7326143703586391,33.940246792575664,7.2545771277592195,141.39554252693753,false
43,0.13144406179215898,0.04877926738569279,2.3157558077977365,94.9234069559599,15.15047284759198,6.133383830100043,14.518464402020138,82.18752970632409,0.007725476320797169,0.002535869623614122,38.99317936012686,0.6014522768433743,0.09529609473346536,1.327400785584901,2.7125904070890545,88.30215228497808,91.15616380531266,15.847712696855329,13.382615678770858,42.090736713963736,2.402078168780633,0.40146670304331433,34.42788632034144,57.78703836023413,193.4353668093222,true
44,0.07113095032509884,0.11195545440168667,2.6157848837255546,30.71671893878234,4.471464762345681,6.820390770625596,24.75097382097338,65.67287489960123,0.05865578387036341,0.07295668782715967,35.586443826698456,0.42294489037297767,0.02676980932410602,6.8262549141581434,0.227010138398692,87.60629701976987,16.64399041143578,36.793060441061066,2.8328585647191686,56.40606981137934,1.426979382045463,0.6091950985696757,NaN,NaN,NaN,false
45,0.017738130091547788,0.053429353534033074,3.7823667790725057,61.92420944907795,19.750294046501313,2.6106213389614394,5.780512212704438,40.515171943737236,0.0001634264155645937,0.06808949420702609,21.040541091242822,1.0626408903911078,0.11861679889502294,6.38704969531943,2.434608843888733,94.34542024922389,110.37934332079782,55.41453344647397,9.888525895700365,42.385885121084556,2.263000630507996,0.30148843706445083,25.26600882677642,10.916485957438887,144.87663526059953,false
46,0.042217461015960245,0.0834006766382429,0.6515075705285498,55.614836803652274,25.04652930788288,9.101057034146793,16.996501714456087,49.77963821773664,0.03373737275299783,0.07011636565455116,45.13729306597817,1.0682798789767223,0.188326772430122,5.759915343182174,0.5600236047993588,51.087083628026065,37.897820474720845,15.784944487163731,14.23313124348647,81.42526906248558,1.1827051406487987,0.5537650067149402,150.58005480968984,82.22329740272416,502.54057578909794,false
47,0.08263053487962688,0.11014683011082034,0.14782615606207283,47.41688617576199,5.797341970643792,10.318111879580286,21.77878163668907,29.85562416526525,0.034345947267052854,0.01648481146078007,61.23443929996193,0.9052388983182664,0.02867464164900779,5.1420619193402075,3.0510241341582467,70.39896861197414,102.26929422159579,28.169334303120344,3.3072424930253623,70.8301282286983,3.275846993676381,1.3757355601230619,344.84939111599476,536.5525300020629,994.4919175715062,false
48,0.1847304833440243,0.10556162846133026,1.4000763108064112,92.25314479891126,8.651411341277395,18.067830629274233,14.871482377418756,65.75761725477241,0.05584933742769776,0.0628150967270994,68.61671456357206,0.7380798820964554,0.13813652619055775,0.19896428212386708,3.8940256701185803,72.91134852318072,22.39153217104308,37.27191854862274,4.663569768302464,68.77435224894023,1.07248107850891,0.6575197317542398,NaN,NaN,NaN,false
49,0.2385309199704956,0.052704782522079933,0.7329498771215062,81.62112788585635,18.899648108622582,15.006727143746732,21.57988147012405,51.974480979658566,0.04732198618845852,0.0543816164607187,65.02061789304862,0.9117733038275057,0.011281804464334272,2.410785458815409,0.8178933038825198,81.37351285580311,53.05925420755037,42.23060931787931,10.462991425965535,68.09537036397562,3.1807057380498023,1.4665939227023517,21.906293947015456,41.21878486560311,165.13109888476345,false
50,0.03350250243220845,0.016052266320793967,1.0290451301774102,109.79655622566628,21.222557730115323,3.969512843900546,10.460027806193366,31.87695151607845,0.04931893415557168,0.010532400730745276,53.76854207334806,0.38030029656380016,0.04762001363192071,4.209411681504726,3.5794849477874626,53.42353770104772,113.5644114665672,44.731799969072334,5.6770671249648315,62.36693581572699,3.142728056802022,1.2766596951851976,70.98970268372045,48.94275173661978,251.70827165773483,false
51,0.07775855301289322,0.08777624680528341,0.1394833607366337,49.083074816199634,15.304924635790321,18.054613767736374,10.977497176563656,40.44230587559401,0.07884616970862189,0.058871237773444655,17.725978176293346,0.7931519750615749,0.12521650173466722,0.9381285508594138,2.629690854692645,60.13369596928639,22.259428354042413,59.17441246114524,10.744485248516504,78.33773414601634,1.1281482825501694,0.532296416323426,NaN,NaN,NaN,false
52,0.09668006370067694,0.059068766160852396,3.7942286305268276,48.48528043089378,14.867945618096929,10.52167382803577,11.098840447983738,24.631200500563565,0.0474769404684254,0.05414814942707688,68.16330821238003,1.0764962324952507,0.08587015048955011,2.5497063606974124,1.59903591177941,70.31971850953376,70.7270953557821,57.904182934743375,6.014950646734331,27.027396754936028,1.6504842481740156,1.2437048940966087,27.78592494072729,7.262938898468676,143.15363935227737,false
53,0.009453328481031975,0.11345408993217466,3.1843801466717108,31.594974797926263,8.401735356598426,12.546935672428564,12.315532248812817,29.03460753802313,0.06318863380585692,0.06299604974326141,61.69620666726056,1.1990300409433212,0.15706527584254956,2.817928599220479,1.754670811231826,68.68986085966873,109.50777293390334,33.801776100513365,13.089911140728018,41.58883300952007,3.487464823847964,0.9193952886885708,28.008047855975846,15.080860424447444,148.72079260063578,false
54,0.1246699270762669,0.012193529413773855,3.147646747811998,73.14606157158914,15.370389927272935,16.497807662235882,20.92583065740583,99.29387210804171,0.04471599717312552,0.0642788033326653,48.05147034758263,0.1576258077511279,0.15445293369268204,3.8543210727926445,2.8466203907852528,81.4121898969307,39.642453587759896,14.00526520769138,11.369893137231141,37.48031161136461,1.6758759936992327,0.847611585713815,38.9089765879599,9.078886910642524,151.64658203351848,false
55,0.11424047067628054,0.05393338050515632,3.309088860507419,103.40476012432616,6.32147324845654,14.381104361888788,15.377726610685684,91.99500650194304,0.06598154063717603,0.014099919693569971,61.55636714543041,1.1582945519068713,0.14963349900421585,5.271419524181494,3.1028366824861897,57.907434780597995,30.10813035113682,43.12912798130367,4.453111404881046,16.60006322553614,2.204864438481186,1.5908718098265118,17.827520653778382,12.189052035407315,132.25867221094745,false
56,0.0032565586361177346,0.1025570730981289,1.8270695427820214,96.40581353420421,17.283235515308455,12.882600312589194,9.817125461997598,83.39923280801486,0.05609334350724903,0.06589188353513585,63.43048803899063,0.1673267226521759,0.12108230995022978,1.0680210622389812,1.1176200251185606,57.73289511286593,12.905567647285284,51.599028803217394,2.402869858178076,73.09978611789252,0.9769009738339873,0.7968756540058723,NaN,NaN,NaN,false
57,0.1490712742626692,0.0778033502293631,3.350417805519405,71.83495591697621,15.484623483557638,6.182622071056032,6.0639410178166315,91.23357161058453,0.07568358836630493,0.025232524106811996,68.2068281208563,0.9027101596838151,0.1083079256946616,1.1949453942322115,3.2012652040902796,39.1579251613259,71.57358747073422,37.79729074046348,12.950620010376273,82.62999645523895,1.3253259320035526,1.1443252986375771,16.96436196088463,-5.730065871142713,116.0080782958955,false
58,0.10149160244011418,0.020476504722872584,2.5183176960293827,72.89423975613941,8.015105454656798,12.629183022882042,22.807666388344394,21.289126460280762,0.05590961948946872,0.06782779264193853,39.51566966081961,1.031399993723785,0.07343068420576607,3.877840635334146,2.45475546181333,33.230116639680766,70.39694837412567,55.160740217762054,10.808308720685677,55.32278023936576,2.7591097251802164,0.5556274516579028,23.0637559850526,7.777950919065503,134.63129929771063,false
59,0.1941139265239494,0.06274121595341076,3.8940717867230052,64.86225360520953,8.331255898084237,10.898256971979043,13.83997692003897,80.30383140464424,0.046292725420480886,0.01556819769185606,35.53631992804769,0.7436110103357272,0.1809713663022592,6.186166107059238,2.5632432372845915,80.49708241431594,90.57456042887793,34.06093038336913,6.056533666686418,48.66699579331018,1.917659256530801,1.6150692089182053,15.661708180649377,-1.0930968207461191,118.38000216809962,false
60,0.24000417882119637,0.0571137016237075,1.79834502715623,66.63493847074662,19.545424202314244,8.520706158098271,18.13631124052922,60.477798522465314,0.07336047766659377,0.035120687274446026,31.38108821555328,0.19912615848250612,0.11689956448827024,4.743065970679292,3.675067161735284,41.16178744978605,15.108250081439778,29.604893536022633,10.58331341131623,38.86443253585104,1.0796690453312743,0.6241161966421758,33.17488474593985,17.73318817543224,152.28348476888254,false
61,0.1097788818250292,0.02671364442685157,2.594713064086875,108.83631691707656,11.251139238243114,2.3216314232086197,16.594906858153003,54.80381238558225,0.06476130312309991,0.04362107987353134,36.403803703288276,0.7954792527647612,0.09622556463415106,0.5878960358279975,2.668387224431382,54.24295919358534,15.239486235038093,48.03357474536966,4.6160658356144175,89.94373076497808,2.4779505010230647,0.8972542679045612,NaN,NaN,NaN,false
62,0.20766211003717835,0.10924214329367238,2.447686963491306,79.55084009997972,4.306060440893107,12.623882759703315,12.19626608394823,25.752061142699915,0.05592054449026627,0.06342998248197441,54.918933597900306,0.9173594951760357,0.048832824794322466,1.7358587960745127,2.7270142104240414,49.12882299985271,74.04019652571574,33.3973310615651,9.304729859763441,81.0837428927271,1.1764915550798491,0.5809246028228783,11.290495024268132,-7.767226460203638,105.23009601333993,false
63,0.21171404598997387,0.03634657839567127,1.386107183465016,100.50736044738619,22.8106769526465,9.830141411849496,3.7559944563128203,95.65488970214864,0.06969507891278391,0.05347231750863559,20.011999905724664,1.1277865069922333,0.16440085181707909,0.1263457728313503,1.5406034458024354,43.96609309007626,54.00609892093313,13.626962730789026,11.089561184212798,52.88956636088053,2.5183463514327453,0.9371787392613157,12.78954078250016,-3.0759023717889633,107.12557301674804,false
64,0.24378651840429263,0.10124414775873225,3.264724263829735,71.40127243082362,5.641824241198174,4.223106993292237,24.14715370713396,75.09510389564335,0.038867095696180125,0.022424541464971224,49.930165700956366,0.9090973168061047,0.12956387252944845,3.2721158970442485,0.7633389543519149,51.37302184558464,119.67954561449284,44.734375507799655,6.94194903717623,89.18619908717532,1.8442488705020303,0.3994083887317278,NaN,NaN,NaN,false
65,0.19429988874317475,0.1105025761007618,1.0735731032525782,77.4346583769059,26.69622061151669,11.782897782655063,17.647640993164956,30.474444756490264,0.04125079098148193,0.005542423175844773,28.500802916359692,1.1725005464556515,0.16629452320048083,0.7902026507722759,1.0804048125637644,85.41608514624994,87.64135905304248,39.9195520061444,4.625346549201244,74.9265891323023,3.6573467521544405,1.0196673663600246,49.601235593189486,45.20838817812508,204.92237361417932,false
66,0.2125803001441905,0.10773695546462961,0.7886119654244226,85.80859679559775,17.452168298178712,7.705715839368368,10.40031928007259,74.48467861683991,0.04432035581749126,0.06260396926833643,42.1335851177725,0.33721870760389944,0.1631107167331017,1.7014600707744032,1.6000261681150403,64.59635230175067,27.147147045682086,56.93736928492259,10.955550448138913,40.488193638643715,1.2119919769156833,0.9880917485080145,NaN,NaN,NaN,false
67,0.11145708913294933,0.053407542357180884,1.1408797285871053,79.7501169565037,14.533569116488666,5.650672203019348,7.816530618246458,45.354050353401405,0.006232315162765971,0.07026089027679713,50.972822930901515,0.7445664463396944,0.07847830489805158,6.866173094742335,2.1295480075981676,88.27114483471773,74.2817916225404,33.26389244028759,10.20322686183545,25.20118474975402,3.371762244756304,1.4584347992073616,24.848348376932528,17.441440769925656,148.74262003789335,false
68,0.11354936801652868,0.06407713910144835,3.5765378520589817,50.7691923949596,5.698456276017115,9.360558554758654,21.085967976182726,24.597315393687573,0.0516801749647069,0.014988291468467451,45.18235041876477,0.36457121664708714,0.06297785683023573,6.562481247325679,2.2449505068247793,61.29222821577005,48.3277313864476,40.993196902020216,10.75779291023939,26.352143458910454,1.4654855248258778,1.1283654065477542,34.895075128010205,-0.24882216383598887,150.3316376521505,false
69,0.11893431220192385,0.10140153494311978,0.4420266882727333,94.98127416419996,14.378464269609722,4.133829344883579,5.003441549108207,39.86886123803741,0.04314079639156575,0.018474306432087334,28.044141233171104,0.49017126974317815,0.03846231725716714,2.1140372111183203,3.394780714524319,47.216388476956354,73.5196560156921,23.156998766162797,14.543260024895444,65.37960744652962,1.3257886807604065,1.268719691785593,31.150192107223514,4.9443497343289025,145.64856135072932,false
70,0.018263980827337767,0.031872384783705854,2.686458339750567,109.38248882980818,14.335427734597664,18.719380357275906,4.823377504240632,23.17398290504798,0.07364507479857109,0.05910537684554432,32.24068010228143,0.3368095319179859,0.1720834038847311,5.593967222123085,2.1720277465279514,88.73326867430856,88.13234359885729,59.41164543241649,11.314698612132638,25.31222538232239,2.3215563789545426,1.0571940130752855,21.468147682904526,0.5648645685051505,120.8563142609156,false
71,0.015436371690676631,0.006754978729407455,3.1941847861435466,109.08579769023062,24.348977920849784,11.876515391725045,15.631454711291022,60.70626726694919,0.06949840526568998,0.017191878746235203,48.2125694200508,0.28946637325853686,0.08193497420731481,2.961902347234524,0.5416506243449284,53.205389214423164,24.487498270357484,16.21818649614215,3.8449417386279348,63.75204935211991,1.9046659032402378,0.9574866747996129,23.2724663528604,-5.726022517828689,118.86957374184124,false
72,0.12832711359778953,0.11310608294060018,3.4289516946919325,80.49052518445333,6.078505409753275,6.219701692912868,19.116359875236753,91.50336453652864,0.048058807623747334,0.03809831394306189,63.22076325352299,0.7259368615259688,0.10855904826377809,2.831508372853253,3.2938682529582115,45.66656269727436,69.63124034047505,34.3128354804713,11.546631618087776,71.68121384035194,1.206791238411041,1.1266645435474927,41.57111785110185,-8.375992018574301,135.60126605057783,false
73,0.16244360125386123,0.053155694160373274,1.280970824155875,85.05764634052866,4.934042565675901,2.581960613523014,14.256318533116506,59.54310489022133,0.016952660399522392,0.06896752933835693,67.36944245200615,0.45567661923139713,0.06990067419249187,4.382702436996926,3.5418747439920146,87.63023089952662,84.02416974686217,50.78417982139943,12.193621094403003,51.788851113870074,1.182419351698581,0.9536334246912137,31.668494430254043,6.986221344228667,144.22840387918313,false
74,0.05665462962939191,0.036648740737663846,3.327648846832901,89.68304294472408,14.100433035163334,16.63423276617308,17.189482995871316,69.43317334497257,0.03375565937429451,0.033911025759872995,29.004269395063766,0.9561017877087981,0.17743611924249666,4.2732023730391555,2.9609202931954473,72.42080959310293,90.9865299265428,34.389093920657274,7.6422464860999275,85.21507864308582,3.9875008879868346,1.78928997876222,16.08489280794759,18.068268548471863,134.53712124572735,false
75,0.1790477393343462,0.07248684787149326,3.1056604372771437,80.00650509513807,15.803271667082512,19.404836061699957,5.072261776183404,50.53634283691017,0.06877087475799662,0.038184663461033906,64.7447902520205,0.7764681406532735,0.09365615052956715,6.728413480901996,2.712377116229046,31.47797277810853,95.55426392991242,11.712240266562716,2.5849669494099787,83.54408111155098,2.3733776743800528,0.40604831297085253,25.650780918304886,0.541678509007788,134.5286290100986,false
76,0.1045014282738003,0.015301434548283569,1.3153239930555403,76.45876405517794,19.041502839124032,17.37756284917009,16.767491002999815,52.585567595679954,0.04839630962990289,0.05772259588580042,23.113382378314743,1.0690703439858655,0.14081846848811153,5.832271885046583,0.9067340351942832,89.8644304646881,91.19165243331936,39.93941515182582,5.050412444810338,82.46320885269193,2.001412585387844,0.7885942880501977,NaN,NaN,NaN,false
77,0.23348664694840912,0.0050060580897064,3.7872263133178383,48.8501302842711,25.006033782775063,8.677494132918802,9.254514051987162,60.36228063168376,0.04310051901690165,0.07637887464466209,35.76315125180827,0.7214247999941767,0.08607705596637147,5.74821561484309,1.1547889131794764,75.41991841964857,100.08684086117292,34.021616170992004,12.940056260318995,59.31496164202539,1.6275148172759883,0.86677323237502,NaN,NaN,NaN,false
78,0.08643161751749057,0.10339821859784688,2.328523782137491,87.96185410098755,8.624110220546484,12.591997084469698,9.794584994510718,91.98603861826057,0.06801697049497064,0.045537056662384785,32.77652083131055,0.6153589662817133,0.008873778092850532,6.092740839070579,3.637672549973162,57.46226090092398,84.08225579499174,23.74458755944488,2.443268631726542,49.535996309384835,3.255941164365967,0.5328536236519177,11.789594565286937,0.6946960952762566,109.84362357697407,false
79,0.11085898766672045,0.01216085762539227,0.557147982038845,87.28409632224253,21.017859299147844,6.114093561965524,16.340124534440385,86.50992191702272,0.041020268271958094,0.048136706561580936,64.11875120543291,0.6846956333169093,0.11966648309916614,6.3749649776119,1.2723034841304246,71.01219304564756,71.30379338039326,48.57728225280058,10.773123791557163,85.08653993502934,1.52685112962716,1.481629396695165,NaN,NaN,NaN,false
80,0.12728751172000624,0.013139666990623343,3.498850932616886,41.86269950040577,23.563795494091682,11.638597291758279,24.084422079020698,75.7121083599975,0.011680193553044598,0.07305458274846306,66.03454896840756,0.5626391003724833,0.14805414819948845,3.539045645929786,0.5344047032498089,61.82965818390667,109.73732105064472,23.747294089661985,4.45428112718352,46.60438613282969,0.9219490619109261,0.7582732475994914,45.01532810400393,5.655780357643387,156.9002042548583,false
81,0.17052210716449387,0.07370412302284779,0.7935557023779078,105.16051823862271,14.452273264102518,6.8019354064752555,19.703225071509056,42.89292367126828,0.055780096665716865,0.04474716546448808,44.39222393184043,0.29054648079052425,0.10571643032924359,1.2130782674442067,0.8119777841572331,80.44965052084413,83.65188035660292,32.209058554418384,10.92623069096353,27.65445039281023,3.0654735147337844,1.424416314132303,50.72268219966888,22.294393576163095,183.71320074818345,false
82,0.21608909968938086,0.06374926899945288,3.3481612926211213,107.762722305876,11.928915044131337,5.098548727314868,21.38199962455166,99.1055036071113,0.00041384542854537186,0.045530798877277644,54.029542698922775,1.1765873193383443,0.03832407207558191,0.2771895303980332,0.9020021043411357,37.462773727135705,118.04175679987266,26.614945648225557,3.606981826033364,62.00715032784398,1.8574940748133062,0.6067463375735571,27.725519309506694,0.383828952377236,134.97937766612597,false
83,0.21939771364067762,0.06619492601369037,0.785939674389073,71.75119403666423,19.094131094979705,12.548202981165392,13.553464924692754,75.0417255786347,0.04358899322041813,0.07743393935995967,33.6419921963022,0.8429715054191805,0.008185986553764835,5.734062426263,2.154291707935982,52.704234588297254,87.46569433585836,33.061024732041176,5.824750041339726,82.17031197743403,2.2953336338239176,1.749578040160231,17.270960305052125,14.46731224631749,131.84943536362394,false
84,0.22448731613390527,0.044640605828628104,2.720136697755951,61.834581873965256,22.44390651305981,2.8279075155837736,21.30960155473613,38.643681728503,0.03170949779942966,0.025562984843693747,38.15725996072353,0.3420446950206456,0.18502107075713298,5.778478447822022,3.982830826390205,89.3658001333963,48.2433242369138,50.42091649725028,8.842931275772225,60.07952767674021,2.1616141894775347,1.417920006427048,NaN,NaN,NaN,false
85,0.2291851672452672,0.04372991311966499,1.9600250562244579,97.54881561474993,5.864321490098867,16.536172329136075,12.52675349583704,79.28472997495363,0.02914318815304669,0.038859343110234326,54.73354623320586,0.8006772224566745,0.02218178552740207,2.509415972218745,3.5038713090578555,79.39499687687395,44.75428971642858,21.843633775068078,10.206547136079594,37.612719469300565,2.7366105600424735,0.5205494199725893,27.493494519957068,18.81384261661777,147.68588907696284,false
86,0.044472376974918265,0.015275360935718876,3.6279472048431662,32.75018637952997,23.503806369365172,18.17186982453861,16.145244721050766,90.69295366372187,0.025935384067495147,0.07936996666806022,24.578422310162985,0.292773694587787,0.13447744791101615,1.8745410909568094,2.206793109361191,57.16389654243319,96.64427932923955,24.80000921418423,5.908932130016596,16.034700756379912,2.988012250636524,0.15904491196067563,89.27181842580674,8.190547895308086,237.7724104829656,false
87,0.08455938614862951,0.05605798839841318,1.0509387422751253,109.3209362975272,13.402841642387717,9.162551240804587,12.806180130488938,41.39353910707787,0.013399873611912874,0.05353207676716367,20.252648339144656,1.0394801538969451,0.1540978832928037,5.3114143191487,1.6034150533629838,32.273917281172466,25.007664892618788,56.84699568251181,14.191457257834662,80.69278705101567,1.3745905605726378,0.9173886262011375,NaN,NaN,NaN,false
88,0.22290224930675218,0.036037614359184,1.8701969782894796,56.708817166537074,23.906432312748716,4.061132492540987,4.931271829844216,22.16817316526896,0.0330637562349337,0.001572193182440307,28.289442097075355,0.3067365922662757,0.061319353039553604,4.816350902965414,2.475172814320365,70.39939652995048,95.28887162692504,19.05720476345391,10.792880655330773,48.56182530595602,2.281871991016268,1.4571590182663523,43.910052529539556,-1.8268307401140689,152.97559226196367,false
89,0.05471019187632392,0.043245530034094905,3.0869512069474827,98.88906699170471,16.050121188404304,7.968163037070793,7.857105580882921,63.79538788827256,0.03578483553041926,0.0019497170931027786,18.653294766243505,0.9541625993246609,0.0776478525514614,3.2903693601068875,3.305401176852443,54.14406910285081,20.49216463309537,21.894218932683465,12.393586356251625,77.43262480817805,1.6690654512812915,0.7149364831450963,15.525628621978868,2.949092064457858,117.17675013167278,false
90,0.030398078904782938,0.04714447660267839,3.039164375683865,72.19214702131748,27.686182143383256,11.365752615916419,23.024445978473743,72.93319601944818,0.07690746191867356,0.04013299468489291,23.899789415818034,0.7425498136408115,0.1745327868558948,0.24502445352047697,0.06166852015537039,88.81077730907735,10.649828624910803,17.826228423733596,11.145845426690675,16.33907011319985,3.404065367816502,0.9109453282150429,33.1601552116437,-0.3902964127788806,134.4700968806867,false
91,0.2216483110388571,0.11965335267615101,3.886135027217175,91.54780638998635,20.90153230039991,17.509711827907452,18.111078908415337,57.69471374923353,0.014093468920650807,0.05529275194507209,64.53554219389669,0.7855059314781767,0.021998043524275434,5.028857885070186,0.17319750748506468,92.90212044590217,111.37536559180724,22.750803156630354,13.801856257176352,69.44957768143792,1.6786144404686416,1.2602290861248207,19.041621577048446,-0.18141605696041552,123.04054774659967,false
92,0.1193985774479571,0.011073393167975669,2.909743759027807,87.59253723444604,4.630061219975936,2.430050313744604,17.980136729510942,52.991834973081495,0.02960022839566352,0.05140869729916097,47.972050715599046,0.9993925645876436,0.01896815572244694,1.8306314680563054,1.0408102148887735,46.75751300433936,78.02301746471825,6.229203233007228,13.079779946102025,76.75996901919838,2.9932302043809127,0.821610671848946,279.4228834423279,505.43479719771267,985.1256539414757,false
93,0.04256185376697627,0.019734125327580326,2.412853830654875,86.93727672287953,22.291589380354136,2.894729624531016,18.269556445466925,22.25728471621605,0.009834264525440188,0.01812682054809316,35.43889470300793,0.7987363679742172,0.10730017934934227,6.617737851360249,2.0879183404763504,77.66654842282301,31.637304465033452,9.326698498196738,14.627303174482748,76.36999466043594,1.8783366806023971,0.21529609804066316,140.54597877770792,38.61006687263342,401.9353893516648,false
94,0.13382359961543602,0.07014602832767268,0.7742152847920325,84.1972278832678,19.860298445950402,19.81798268058914,22.36889244134118,58.29756612697557,0.011967306521159644,0.05298354588641623,21.29616125830979,0.8635701272660156,0.04276743026103043,4.56310727339547,1.0195855676170535,88.15581709410174,107.79526438236232,57.72301127190702,13.854595284870548,60.843836403175935,2.489865716563284,1.182124277521997,12.22157530920692,21.08983200857695,130.88205033896367,false
95,0.04707149158614135,0.05096800630072825,2.61359006247982,99.97104743912013,27.254670283334423,19.798018651186325,20.342027409887685,71.2432274612265,0.019951183955853526,0.06970899243412237,36.42383003058287,0.8584216074962762,0.053031826396266274,5.115577859633965,3.272040476658301,97.582129992168,116.34511362579474,17.041561659520866,4.472825011203232,86.9914246918442,3.7889447429434147,0.20296585170858983,18.498212057222812,1.640622825827542,115.56281720322491,false
96,0.14827117000675905,0.10558598381815451,3.5382712671106464,38.81657052809761,14.179485590691115,15.003364705400681,21.012882696743013,22.92199418807586,0.07491375542721895,0.0627499803726976,25.402781735045238,0.40029627187102046,0.16087091384302926,6.194759075562797,1.586737940038382,64.89817464979578,94.06483091887782,56.69472048400534,14.844214136526984,51.38291640252571,2.392907997260326,0.9934719267061398,15.437471601656014,-0.5993298652921695,116.96369387884327,false
97,0.14082941336469898,0.0133945371671226,0.6142247823165952,80.00542722143385,7.748302643871269,8.324186640643559,24.533426404717236,91.40904503711363,0.07962175426673432,0.07198531909402356,33.84392202998255,0.71382133836887,0.11169943548621619,1.3165420621647175,3.395954079996558,53.70431548481869,71.95189061524177,52.621807310374045,7.737889237261855,80.33523052687607,2.0323440032990914,0.819823490067485,NaN,NaN,NaN,false
98,0.0781022277627467,0.06661881631038116,3.964326216059603,100.86629545179386,15.139401994526038,7.658735137158896,10.990524003108687,33.46832460003503,0.011703785081536813,0.024795948735542125,50.89919598465622,0.713386883081348,0.08808769695214347,3.619838554011588,2.2866048100555534,88.7042607854857,107.6894247206584,38.81802826163096,2.3116447247869343,35.36491915693232,3.923127358424312,0.9184863973169334,NaN,NaN,NaN,false
99,0.1256716032814073,0.042530792360660194,1.7182842599088786,74.35938832663695,25.056906437185035,8.990097271350905,18.38796938730031,82.43664701563877,0.021214707699270967,0.01664525540497609,26.353912302476488,0.533124147112111,0.1444396638760609,5.673795023625098,3.2053870115623493,35.07870839959298,30.779301082790887,30.351719240564133,6.8146033850234975,87.91972511115497,3.3296539337663136,0.4359000118622651,58.254592520058964,13.439138402865815,177.2677519993522,false
100,0.05284290840143058,0.04194808231749182,0.5256836265799216,102.67570314808268,24.386993832619062,14.40087077327211,3.508346605806767,52.432282909071006,0.025930492917514786,0.03408642216248534,15.62488659022336,1.02686808252874,0.1689287966201632,0.6637625138348445,2.990220500146586,61.71796841705458,24.008018843160272,58.26374101096646,3.1650732765164173,35.89589411702948,2.624532549737274,0.42582192608090996,NaN,NaN,NaN,false
101,0.139938275510739,0.003507661341743389,3.102863108606944,86.3251484058845,3.8648832365910746,5.087362156589339,23.604208721532387,21.36844489260372,0.0649797411362842,0.01580485784598732,43.45147223201341,0.7223820427046239,0.10429174913865775,5.115838511106191,1.0595032477591753,41.81594699842065,11.844036101003942,7.500999496837,13.716015032740833,31.681131004848346,2.0779754771010306,0.9188372486419534,191.9050668428726,129.6783806622018,637.4749540361299,true
102,0.20599007253682253,0.0770273626699222,2.753770437160443,44.97294522792194,13.094411340810117,3.3696992367986285,4.052638607005391,51.72356534485721,0.03830823694248351,0.03390125357227183,42.96595755196651,0.42357990531090617,0.11095042757496414,0.4841565774759238,1.5037887421154612,30.556452542171474,67.91609968981804,41.49430970815004,4.574133814184876,31.5102262326203,1.5468015025659965,1.3723300368596343,21.093584248738573,4.800262591253137,126.9178812395504,false
103,0.10349832065714104,0.050057018101284156,2.5750138184586553,47.414610675182104,3.2016340136557657,6.076934889740229,11.785904821155757,38.34002286085194,0.02478747725073511,0.05541150662423362,21.273248807501624,0.5953829403737814,0.13979969571868292,3.0718035209411485,1.3133337350335155,92.89738374861159,54.89359635580868,30.659585863142205,9.619681401283398,34.98216364282831,3.5572409069113204,0.6524937298558898,11.234701443631781,2.9120990309430113,115.56482209636434,false
104,0.09598741782299189,0.04950369802769072,0.5277900571558605,48.16713874190416,3.215061163071688,15.415127384528242,11.226578950121414,64.95897287091171,0.04550121616165764,0.021217356735398863,37.52520456820673,0.7446398744636378,0.015260325136748742,4.145442905751436,2.47756194797466,99.29655980339784,64.32619313669599,55.11875281090179,6.774176829894055,84.15830901662015,1.2403389520857426,0.360060970529452,NaN,NaN,NaN,false
105,0.23289986165531404,0.002858992462178138,1.0153824129796036,75.98032256164271,25.65266989003313,3.3702896925552746,7.2378471570466605,29.127819983320535,0.009335056423182851,0.07229557382697731,67.33792916257308,0.3265645813443974,0.06502983651581093,3.866631405385675,2.395069563554516,35.00163179315343,67.96700296071162,16.453699502953064,8.38660771960302,20.63281378469189,3.3205915548522187,0.974801072535332,NaN,NaN,NaN,false
106,0.0689795190848839,0.02502843696570582,0.43024014748505124,90.33291791470762,14.636437716254235,6.413983328591227,24.852283307607912,87.21362121970111,0.023969000728251616,0.053287160158564266,63.94779478135842,0.4676987304347089,0.10392608540883554,5.577462546738685,1.673904815497513,85.73959758764896,60.426581497746135,16.127011979810256,12.333271876459445,80.64031742840267,1.741168547585666,1.357453630750422,310.42869208360935,543.5793808980106,994.0760961102998,false
107,0.1042774301446478,0.08772551176608727,3.282118294481742,53.00314182858927,25.69357053288498,16.84387200772558,23.73388038081944,68.97308505796599,0.07305633679530305,0.03525888667279259,19.529431613464993,1.0402500066103875,0.09925768401737883,5.607341176207703,1.9945060547178701,83.33016056531798,14.940279272060714,49.803257614277804,3.7173745964248504,89.09843265721094,2.0931611652880746,0.3864974942944692,NaN,NaN,NaN,false
108,0.002522438870468463,0.1131064899341811,1.080209136138631,60.304780554399365,23.83419395663692,5.158172951457491,18.279758356102818,82.09896690636197,0.06388312919002469,0.07406854823866532,33.9576560875519,1.1571308228587782,0.015998744441026072,0.03691912932930086,1.8205381381367327,37.03033308221303,89.25770652527473,37.14445756075329,8.97895595619563,62.49165300251569,2.0463998728964587,0.6932222691897623,228.5347706974752,193.39180921644783,864.1829684223213,true
109,0.02712445950554357,0.04679444888322526,0.46177105485824566,48.209130248569714,17.508353706406613,2.394479814232633,22.45696403741029,44.76166653600467,0.00038275051852387776,0.04583221661359787,34.600469354232445,0.8483132474538871,0.03770753651928497,6.766821725159785,3.3720866500706497,72.6268051329974,52.41103648659444,6.270882737854862,9.285314900611741,28.734101903904687,1.9955747157740236,1.4367084028404395,NaN,NaN,NaN,false
110,0.03434920578680678,0.10710681858955942,1.3736047834917615,65.35850585910333,10.953071133531424,10.542180676948405,13.224380486674931,30.207705772541765,0.017340406724669376,0.04468863373238262,43.83764228134565,0.21844689789248345,0.1455971526790787,2.886338079175662,0.6073206240807907,30.95006617453113,97.88560724229457,49.73181616852522,14.827801787281306,87.9510025783847,3.6556545313517397,0.9272938810946127,78.75703695955342,20.560293805001727,242.31556239552452,false
111,0.03642891376807311,0.06759113669250459,1.9569164016907719,106.87046116734649,14.050010094716022,17.23776642069833,10.565298545443898,83.19525902288277,0.011009285871666856,0.055985829823643474,39.08193478690845,0.37783079295449273,0.13338573076688548,0.13540963822077345,3.2382109903266287,89.21441865162114,55.09165172634891,33.891989835166214,7.664995867151613,30.6392214997333,1.0897520703601604,0.7767394020518258,20.04432941770543,-0.6957633090729232,129.11932927674346,false
112,0.20168047459803348,0.06266495433147277,0.6996175391701684,89.65111035586762,20.26898125322881,14.470955309988916,17.186802414284706,75.68954574525125,0.029520983036875385,0.008172687066283562,67.14803110499005,0.4228637296668265,0.019243386765831094,6.069346688548163,1.922004269445332,36.33540748362743,36.94043614254248,48.97218362098101,14.124512672501622,55.286343579398114,3.2068914713094747,1.0689039865094316,19.564102656385185,6.803211021491137,129.24194245802306,false
113,0.219478763330957,0.036216377868749004,0.6699272679303405,57.920755709798925,16.95969320905069,17.462926783905495,14.208013817905336,61.72384955417541,0.015342971544966107,0.00564370177604765,37.85475659493631,0.26455638074671806,0.10319271158599151,3.1382870263826166,0.14713611924829806,51.49209732704742,53.60867682439318,56.879901853033,6.109663489398372,36.99090230770014,3.866214200310378,0.8963962002703645,NaN,NaN,NaN,false
114,0.13165959272859482,0.017554091812859832,0.6475556578517816,88.98996621565871,15.045612112155098,7.728822491479414,21.671579395987123,37.02482594125583,0.018649184520317608,0.022726181061877987,55.99080440068519,0.3455015647491366,0.11807702281566516,6.664467395852382,2.423357739492677,55.9470622892643,23.28760527465122,56.9160503792686,12.590429586166909,27.396051753597856,3.504827472959135,0.5596592760671546,309.6175562454641,471.8045654447914,993.0768524039196,false
115,0.14431355950165556,0.0774570643457098,3.7745202886111757,87.08876183090676,12.178754718711057,14.052875683474587,4.266920020506032,60.20469602384219,0.0695302574187326,0.07029247275275574,16.004544052306176,1.0595214050973374,0.03865589944393707,5.241058897604092,0.9688953534986684,82.45892881721551,49.36471414340204,9.73819329782802,3.325703897920702,31.791958544774495,3.411765107919294,0.3292111346326282,21.508645010800926,-1.850975956953036,125.43531949818404,false
116,0.18761598272255556,0.03551278150692551,2.766175127541185,90.08220404760472,16.532869636349048,7.304146591228314,18.139348687190243,64.94862880684326,0.04173183923383389,0.07396400548645284,52.915038325006826,1.0829749839813636,0.12909719359566107,1.6061335739598739,1.4342592466411697,60.05109913364089,48.01169885284532,33.507938456302625,7.619507030497325,40.073810747401666,3.680471067747182,0.9195463320021044,27.953374820151936,8.89296605032635,139.07865794841052,false
117,0.09252059458998735,0.010610456045210758,2.8311592134620653,38.01617775943983,3.0163295856406274,16.40184883710301,5.994978789094207,49.642739655544226,0.07850129428569426,0.019643457384075927,22.003180242048607,1.171337134965272,0.13913205500186443,5.088910588135103,2.6193308787927068,30.429616837082687,13.336051008630337,47.70275660232099,10.18520415839485,85.01989580821962,0.7624125769220633,0.5352058858156625,NaN,NaN,NaN,false
118,0.06051023525475252,0.07595781513844727,3.4079539933992593,40.918407614234525,10.089776397292145,15.234962545489012,19.566120126530546,48.61008817799526,0.03674303139825269,0.05897665335504395,16.467652460612495,0.6966534214488401,0.18496880098686933,6.302102809905321,2.087783705240319,32.75787531170901,101.092471818312,36.25675343450684,3.3756243593861424,86.57276208604583,3.9228885703658074,1.083466012652087,13.517876875202568,3.6191819887975143,117.1349529859244,false
119,0.247793207030676,0.02685935541394067,0.6061212961113425,80.00823657520543,8.969869604277648,2.9479338762640825,16.042913172543365,45.361596374033994,0.07754876804936472,0.06127870112855753,29.979762944424117,0.45554913924174933,0.1596471519218865,0.942587281164466,1.0698667153614552,99.57209371109121,24.072777649549984,51.14585297529403,7.331333611926013,63.77277653754991,3.9144289179842704,1.153681516919708,NaN,NaN,NaN,false
120,0.07817068580851316,0.01900538068227067,0.17452057742397953,85.38034618905002,17.93699583204308,19.388548918282762,5.941179673862634,22.4231852910626,0.037218641628482346,0.022264685589797325,31.808738207771487,0.26729047348060636,0.052423304895788454,3.1763940905055787,1.3524785709895957,91.80082586758826,34.48519117643184,6.21502761236596,7.940643119454629,89.92091563632277,1.6727575792935838,1.488379038017774,9.054188114784534,7.026414374375747,112.86620847833686,true
121,0.12042278491101055,0.1030625563929466,3.384257935525743,49.18628275588742,6.152835248717639,15.080808457987702,10.121203854434972,88.20921296491865,0.05849194041988945,0.050653252653633435,16.552544772773395,0.2660035548444144,0.05318666962296694,2.7256773774458445,1.3369190591654903,37.74847378699985,36.164672205105724,51.16420680785337,8.762554586322945,45.820985186902234,2.567422509367686,0.7016050284327288,NaN,NaN,NaN,false
122,0.13355434976504144,0.08224763710943157,2.9861869744260865,105.88015136037077,12.940296861172037,8.707354923477283,12.424308474187331,23.47678458281811,0.0579101464352656,0.03789324670605936,26.19067245098747,1.185693080746583,0.0460971193059343,6.729103135751385,1.653766601794561,95.54396462368831,39.16482917921364,46.18849200675052,7.661251917832013,42.08854522329288,3.543138357307787,0.6980420005635877,NaN,NaN,NaN,false
123,0.08717037658790222,0.09218457391288448,1.1171895243898464,59.80657253979509,29.03964733292998,10.978201006693174,12.33898830813293,23.98614888069618,0.06284236146372604,0.07613440006091265,29.890222340897502,0.8424248656843814,0.014341804167483246,4.438660025901681,0.8967181630755543,40.92552799378475,117.85205123780335,6.8552379984535845,6.910745385156161,85.90565386564121,2.7002050522063064,1.175666706995164,291.284708467069,325.0797268412182,956.3704687307904,false
124,0.06657237715520031,0.012919181248106173,2.497527052793075,90.76385167150107,10.91220599612986,11.54621955155367,4.446301045250577,55.98622983392953,0.009036976509011722,0.014967382496455156,57.054715578459,0.8422670202613668,0.19365798135565457,0.32797062485124595,2.2148792697743023,59.5269731124835,34.26809003915879,8.32614242876443,7.281399482572141,52.36181075115822,3.885371056547985,1.0613720882490074,11.46337118090877,43.4323678437399,155.59254831654226,true
125,0.09003377759381354,0.06921271085787593,3.646441340050402,100.3028421124036,8.32436668739747,19.322228610334356,21.30928363175597,34.275716957654936,0.01565221400642536,0.0033474123629634446,41.97283884696109,0.7076975110426275,0.027112347757460617,5.799583075165712,3.3500091272526964,64.43424604611354,49.928966511494544,46.54884395043912,3.323226457998772,82.43167324433495,3.374942492795584,1.040331701335963,NaN,NaN,NaN,false
126,0.19611877056935362,0.10214374632483672,1.659767774509357,66.04067955671269,11.208352603861691,10.099424422125677,19.22165056834547,55.94137723193428,0.033898026700556784,0.022212867819948762,65.09614467179071,0.893155277969778,0.18610792015928307,2.9771898951374993,1.36717395080138,81.32903736046781,40.852618378282585,7.05533801645881,10.325570510433606,55.065180765260386,2.2824078685204108,1.7223629594175895,25.12149065072029,10.527119073642702,138.63154549904107,false
127,0.15078222654834328,0.027835832863730134,2.288799899201561,92.13511650462294,18.60513374399909,6.68553545804026,5.761997959113912,75.2825831650751,0.02295743927189637,0.044984626079210444,57.30850865172394,0.6991476748368435,0.17317066234307307,4.993122143768947,1.1026881554580976,55.64524877847389,22.276158738126128,18.23166222751745,7.101340876209846,87.05890056105652,1.7732535201673119,1.3931617389744184,17.908560478440318,-1.1882544571202729,122.91362386772205,false
128,0.17380497637994577,0.10287956246484532,0.28073201174886453,48.47544181999919,20.30442952727647,6.378815736640658,11.257849421705131,56.63442231135092,0.05200953115163932,0.004268720730291209,44.95437782995913,0.3054058430629549,0.10301131829154082,5.437943878770843,2.8046253216633876,40.193268157456345,87.51073343776577,56.07931060213702,12.350672346477886,64.42230218310635,1.6745176394423735,0.9253591891328322,328.4340179708251,429.41734698445725,993.9112099738843,false
129,0.10528688539612488,0.0696992162855668,0.7810367668958786,49.74865119955638,27.366707708093447,9.616701444943882,3.092857157083249,63.637919503408455,0.07012603978100593,0.05513915103508449,25.825635978839966,0.8852950055654838,0.09378306847004435,3.8801561597116114,0.5357013618636275,88.16242472400474,117.79076775539843,21.968230917757054,14.390990162102163,61.86391457472902,2.4451818750375205,0.9423391541453972,14.923646550133363,-1.0315828030522383,121.09481938325776,false
130,0.1771092589773528,0.022274186235234125,0.5687449541233596,88.68374491121796,26.15968691881659,19.777644514922233,10.3222076284577,98.45097113943605,0.059288932512024904,0.07335505902533428,69.20940860843295,1.1893583229201796,0.05577677288836599,5.74690921224807,0.07344091875018188,40.06801583792162,70.61787580420136,52.84174437169908,3.3321762492265257,23.427198859224138,3.2363904724883414,0.3484314334565107,12.260631962006576,12.846251769218028,130.2940513984724,false
131,0.23201778569525364,0.001982971228449859,0.8678493394701028,100.09688697718283,17.609949160533205,12.05092197073163,11.481526884383209,49.742042157855195,0.02946169038994814,0.06643843411108423,32.974710090983876,1.0592540242690358,0.06700135789827343,0.37698974380738937,0.4610765468922535,32.606799614019394,95.58207450515165,35.41644562602915,12.701496097796891,27.20305639251086,1.5286351968751832,0.8780211530133688,18.351029703990015,13.386263592846909,130.9354602883218,false
132,0.11366325957275522,0.10070073327623322,0.5174386223015537,66.39597279345693,21.883372097643207,7.554923759955708,24.087579232083208,47.10769786360877,0.008174220061553487,0.07162655781830501,59.40061355852287,1.1303100545225369,0.12437914209659082,4.25019926428155,3.999316061962053,42.4382431064161,64.44798457414046,28.89319645013961,9.681396344104774,41.989731616389555,2.886543721577414,0.9086777213908239,NaN,NaN,NaN,false
133,0.23824399445519676,0.09810998940592314,2.695869516818045,53.83123849351485,26.068955070400072,4.793292171854972,6.316674685039515,66.1824614529668,0.07971485691399603,0.0031718560391388005,39.80101639737338,0.8576873019599717,0.16599504568945583,5.935176925081322,3.4497624477492312,62.72389789334115,83.95867962660405,21.41359453336542,2.2555494935770373,58.0788793249325,3.401542026850562,1.5282465077162046,25.61492699980485,2.4207873815171297,131.25598531240792,false
134,0.04045857400945274,0.03703494276050114,3.0694132447831097,69.86595969912848,25.299226994670317,5.711988406948443,19.828968274071013,49.40012239676605,0.010585156159397684,0.07222755137109797,50.31056853860947,0.671952368317468,0.1930665260152695,5.9794522199653235,0.29704789715193725,41.52571787404482,51.03266462666559,55.76662542776347,4.373889375789059,48.23653712517676,1.4608701197034393,1.2186166088759123,NaN,NaN,NaN,false
135,0.24858198548971522,0.027212275866533908,0.8361173403303392,107.15068086491269,6.0584037710624346,18.24217159762329,3.8345475313282917,35.239611637642454,0.0074156902813483595,0.07468535861385121,31.916119633731483,0.6082942932437447,0.08156177162198895,0.8658045510789907,1.606861445164236,61.31929949962499,111.96836505943719,16.408637425280588,3.8818252078549005,17.504903590482755,3.779576059379391,1.54005681721852,18.893891479314348,13.196357930193713,136.50361667007095,false
136,0.03832338259575277,0.029763593211219897,3.4371036282605387,77.7307304535323,15.307423056526991,3.6858726456759796,9.248627248202059,64.01742627741962,0.06681524633569116,0.030645124252044634,61.31610653590098,0.3118984264544046,0.07178463689236264,1.8145706388167255,0.013052216959485552,82.63065500461082,22.51221963219802,53.96124984489976,13.21343466367284,70.91807145076748,1.6228514402323049,1.5831278860674254,NaN,NaN,NaN,false
137,0.017516059682374935,0.03947438595241039,1.43157656383032,42.22936065901272,15.1791114873548,6.934026794120745,14.27549677110359,94.23859778985229,0.009095754831280294,0.044929954832208616,25.035162430329542,1.1151502683199432,0.0820792353499786,3.6457530385592127,2.1898764111716877,66.2278172161534,100.67041246600803,23.003423486683772,9.75994347652239,23.11523725936796,1.1379911433057266,0.9645218497367283,266.72689929793887,234.14267368544716,885.5134468564679,false
138,0.2175451466152026,0.04748578428734397,0.3106794515803841,32.34308411688155,23.29825604632925,4.461607973355274,22.509832058027357,20.191390768958712,0.00036374871496242634,0.0029741395108070457,22.611954085076015,0.4029834665593728,0.02838378566489675,1.680341020093822,2.0403006215863053,52.50704749471704,109.76362003250262,22.34390530602766,12.519474855052396,53.74815489538455,3.4003224893554633,1.5214464705872726,235.2947668443793,757.2892638091,994.9233813202333,true
139,0.028524117345147648,0.06325377941120691,1.6559333936690264,43.001041675776406,24.111809526991927,14.109790983883626,13.428885876701475,20.85222997136963,0.030377456398788114,0.02431875854839528,22.277319540813295,1.1417685339040897,0.18968281048848112,1.87454709562765,0.7010394566260452,63.0335865879382,35.43903808072254,55.69393116849068,3.8026412187588154,68.56777684708342,3.1302358712587313,0.6337965170775733,NaN,NaN,NaN,false
140,0.2475136219199923,0.11582702633314312,3.2333271878672445,56.73417598870039,20.79916986696028,18.35089680766456,24.722436020605066,22.480011265297595,0.03953145817843818,0.005074663948456069,60.79211627786073,0.7696209590114086,0.1912954808491085,0.6272893847992402,0.9318738027049762,90.09897821900216,61.45937790657705,9.266709149468493,8.705333147025348,37.76167624225799,2.1465195272201267,1.0030122259948595,NaN,NaN,NaN,false
141,0.013429784802456102,0.02480704192821183,2.7490594314860015,34.93826662264931,14.995182391292635,15.146647445359255,8.965236900071112,44.73443836495136,0.02368397599635249,0.07412366912601882,32.14934793562314,0.5418258515402599,0.12553815019119008,2.05102626441219,3.677087923984854,84.26298682469077,110.13356437738527,43.10080611657099,7.148210382004485,47.97753571726243,3.7662335718319446,1.7934311193619807,14.45104621297969,7.566323115340921,130.6411559496082,false
142,0.022375509138802346,0.08126280444903129,2.8582737206381235,86.87190325478625,5.5501203839400715,14.465645640029344,23.342760247041987,33.80949475306152,0.05687482672629978,0.023950433616050315,34.25397478127837,0.33444154922485425,0.06455444685343988,6.150393819180901,1.1611196275486328,97.89659508244807,25.467719497622298,22.056917172819034,13.053779576337796,74.33674793245822,2.8056816745798714,1.3657036017481343,18.60089163407288,2.845025996206793,123.63974378590869,false
143,0.12392371459020399,0.02934924367156363,1.0403978779464702,103.68571064744982,29.451045754462058,10.76825271466131,18.4026419056688,38.40579091722126,0.02575121150668686,0.05238486390070886,55.67704829702508,0.5653874588358186,0.09980948861505838,3.7033882127608972,2.3731411854634743,69.21656202207025,45.36323709086187,11.803215580642274,5.473217599343255,86.93489099716739,3.373679615528972,0.9976504025436195,62.0208187580665,5.541582112797734,191.9499500119727,false
144,0.11480383762699575,0.07132188966146659,2.1079182395307003,33.52389003427855,9.236545819492637,16.78522838403743,21.753900723330958,66.94707629246638,0.07637551451924428,0.031938346893573874,50.07505746143166,0.5462252316385159,0.03796327966087545,2.387327992899799,1.9320257243416514,96.43621167898847,87.14023098149727,16.956121495786395,2.141602824246316,58.59749348558805,0.9446112834379059,0.864118738329771,10.50351148755823,-1.3824967153995544,117.2992716414092,false
145,0.018628216973959083,0.027970468610450692,0.8833115320251208,53.36978821932916,11.420425643883402,15.900535733665526,16.597256446863604,39.92732289383775,0.07762408998606025,0.025750718346570178,27.098500706134054,0.19667823294132034,0.15081203187133085,3.259828206041738,3.6572235752706974,95.40812467347413,80.77056578439179,31.41015281902148,5.472842662740594,22.438315493342525,3.174847584607837,0.5886951065001808,9.375567639927038,8.9362592243345,123.87412359914606,true
146,0.08322988884147678,0.057374270914361675,1.9714394573982297,45.02948283413489,22.568493258045926,18.654507928462642,14.667303487686262,62.217772351590675,0.039906906808746916,0.07537547487841159,59.78211281756819,1.1162952181019452,0.10455870878109991,3.497900094259737,1.8621695946347376,46.120877356651945,63.3815514116466,39.56900237387911,2.318535440209523,19.025739063698097,0.9968938414918409,0.9955563129981105,14.469335403973247,15.873482530256368,134.7488885914258,false
147,0.11144776140781118,0.016296230170503752,0.5027411281607033,75.60626263975017,17.74136676277356,13.129360111881587,20.466497095464018,26.60085859099108,0.0001245267149563656,0.028958171578839904,67.58649108301657,0.6820164851593745,0.05702113837403131,6.992078185171739,3.847904839702841,57.26476841505328,83.86575896471182,53.86152791291668,5.638380252103202,51.95822360038129,1.4013995832760204,1.2086014521474724,313.3187975018499,614.3905059928526,994.5289549471174,false
148,0.19147475142313627,0.11469030152767054,2.1197964268070852,52.12186249630449,21.304996562707487,5.162255029896684,15.514818431990584,26.47673421226945,0.007674624029250837,0.0797804809049907,65.09331200283496,1.1307420036403326,0.16966918843735704,2.2535582004151093,2.904919444062542,48.764448200209706,74.91554092820174,30.83868078552049,5.900660927689026,53.427787056211116,1.5758129914125787,1.521056025994325,100.75025932508143,97.64327218455301,347.3383650718288,true
149,0.22065641691974774,0.11487848236463621,0.11203935571622337,48.652324290700136,17.992344620483014,17.889598277864877,17.73845439691653,77.63429463528709,0.0781293724682099,0.02373156132792027,47.49383324746842,0.8171854383167949,0.048111594053972,0.4363246700130512,3.980733621014849,40.66053553546537,107.50227760139691,38.104785480024816,4.498397669666986,18.865187241932773,2.038470748623663,0.6030883350205466,114.75098558042741,43.59165647024531,361.91513393435616,false
150,0.013081445459256935,0.10316011632345601,1.8717755915303966,79.28991736651511,3.4156235999556857,14.899767519690913,23.330674918512553,59.28180579094307,0.024981162046911507,0.04224659134136638,32.45223953463231,0.22677665575998623,0.14525618110999405,0.6199564304011498,2.5719134652655913,43.417431666160965,117.54345613947234,6.704021987504062,3.978679764011855,43.8653159722527,2.05182107977298,1.325796385109785,17.36795045779978,-1.011855930287041,127.16515477877847,false
